{
    "data": [{
            "label": "Cities",
            "data": "Cities folder",
            "icon": "fas fa-database",
            "children": [{
                    "label": "City 1",
                    "data": "Layers folder",
                    "expandedIcon": "fas fa-folder-open",
                    "collapsedIcon": "fas fa-folder",
                    "children": [{ "label": "Layer_1", "icon": "fas fa-layer-group", "data": "Layer 1" }, { "label": "Layer_2", "icon": "fas fa-layer-group", "data": "Resume Document" }]
                },
                {
                    "label": "City 2",
                    "data": "Layers folder",
                    "expandedIcon": "fas fa-folder-open",
                    "collapsedIcon": "fas fa-folder",
                    "children": [{ "label": "Layer 1", "icon": "fas fa-layer-group", "data": "Layer 1" }]
                }
            ]
        },
        {
            "label": "Layers",
            "data": "Layers folder",
            "icon": "fas fa-database",
            "children": [
                { "label": "Layer_1", "icon": "fas fa-layer-group", "data": "Layer 1" },
                { "label": "Layer_2", "icon": "fas fa-layer-group", "data": "Layer 2" },
                { "label": "Layer_3", "icon": "fas fa-layer-group", "data": "Layer 3" }
            ]
        },
        {
            "label": "My Data",
            "data": "My data folder",
            "expandedIcon": "fas fa-folder-open",
            "collapsedIcon": "fas fa-folder",
            "children": [{
                    "label": "Source 1",
                    "data": "Source folder",
                    "expandedIcon": "fas fa-link",
                    "children": [{ "label": "Layer_1", "icon": "fas fa-layer-group", "data": "Layer 1" }, { "label": "Layer_2", "icon": "fas fa-layer-group", "data": "Layer 2" }]
                },
                {
                    "label": "Source 2",
                    "data": "Source 2",
                    "expandedIcon": "fas fa-link",
                    "children": [{ "label": "Layer_1", "icon": "fas fa-layer-group", "data": "Layer 1" }, { "label": "Layer_2", "icon": "fas fa-layer-group", "data": "Layer 2" }]
                }
            ]
        }
    ]
}