{
  "layers": [
    {
      "id": 1,
      "name": "Layer 1"
    },
    {
      "id": 2,
      "name": "Layer 2"
    },
    {
      "id": 3,
      "name": "Layer 3"
    },
    {
      "id": 4,
      "name": "Layer 4"
    }
  ],
  "filters": [
    {
      "id": 1,
      "name": "Filter 1"
    },
    {
      "id": 2,
      "name": "Filter 2"
    },
    {
      "id": 3,
      "name": "Filter 3"
    },
    {
      "id": 4,
      "name": "Filter 4"
    }
  ],
  "settings": [
    {
      "id": 1,
      "layer": "Demography: Population",
      "type": 1,
      "range": [
        0,
        1000
      ],
      "weight": 1,
      "smaller_better": false
    },
    {
      "id": 2,
      "layer": "Education: Schools",
      "type": 3,
      "range": [
        0,
        2000
      ],
      "weight": 1,
      "smaller_better": false
    }
  ],
  "scenarios": [
    [
      3
    ],
    [
      3,
      60,
      4,
      65
    ]
  ]
}