{
  "posts": [
    {
      "id": 1,
      "name": "Scenario1"
    },
    {
      "id": 2,
      "name": "Scenario2"
    },
    {
      "id": 3,
      "name": "Scenario3"
    },
    {
      "name": "asas",
      "id": 4
    },
    {
      "name": "fdgdgrr",
      "id": 5
    },
    {
      "name": "sassawe",
      "id": 6
    },
    {
      "name": "sdssd",
      "id": 7
    },
    {
      "name": "Testing",
      "id": 8
    },
    {
      "name": "testing 2",
      "id": 9
    }
  ]
}